Timestamp,Gender,Gender_labeled,Age,p_adress,p_adress_labeled,purchasing_internet,call_cost,social_media_time,difficulties,difficulties_labeled,househole_income,rgularly_attending_classes,physical_problem_during_class,what_pysical_problem,used_device,avg_classtime,avg_classtime_data,online_learning_effectiveness,university_utilities_helpfulness,managing_time_1_to_5,teachers_helpfulness,class_material_helpfulness,video_recording_need,enjoying_or_not,interaction_structured,interaction_classmates,interaction_ teacher,interaction_ discussions_quality,interaction_lecture_material_valuable_to_course_discussions,content_and_satisfaction_to_course_goals,content_and_satisfaction_video_recording_not_important,content_and_satisfaction_On-campus_and_online class_same,content_and_satisfaction_learned_more_in_online_classes_vs_on-campus classes,content_and_satisfaction_prefer_online_to_on-campus classes,Assignment_receive_in_online course.],Assignment_want_online course.],Assignment_want_to_participate_in_online_exam,Assignment_want_participate_quiz_in_online class.]
10/22/20 14:13,Male,,24,Rural,0,500,200,8,Yes,1,40000,Yes,Yes,"Headache, Hearing impairment",Laptop,3-5 hours,4,Slightly effective,Not at all helpful,1,Moderately helpful,Not so helpful,After each class,"Yes, absolutely",Strongly agree,Strongly agree,Strongly agree,Strongly agree,Strongly agree,Agree,Strongly agree,Disagree,Disagree,Disagree,Strongly agree,Strongly agree,Strongly agree,Strongly agree
10/22/20 14:14,Female,,20,Urban,1,1000,200,7,No,0,50000,Yes,Yes,"Headache, See dimly, Hearing impairment",Smartphone,3-5 hours,4,Slightly effective,Moderately helpful,2,Very helpful,Somewhat helpful,After each class,"No, there are quite a few challenges",Neither agree nor disagree,Agree,Agree,Agree,Agree,Agree,Strongly agree,Neither agree nor disagree,Neither agree nor disagree,Agree,Agree,Agree,Neither agree nor disagree,Agree
10/22/20 14:20,Male,,21,Semi-urban,2,1000,500,8,Yes,1,22000,Yes,Yes,Headache,Smartphone,1-3 hours,2,Slightly effective,Slightly helpful,3,Moderately helpful,Somewhat helpful,After each class,"No, there are quite a few challenges",Neither agree nor disagree,Neither agree nor disagree,Neither agree nor disagree,Neither agree nor disagree,Neither agree nor disagree,Neither agree nor disagree,Neither agree nor disagree,Neither agree nor disagree,Neither agree nor disagree,Neither agree nor disagree,Disagree,Neither agree nor disagree,Strongly disagree,Agree
10/22/20 14:21,Female,,20,Urban,1,500,100,4,No,0,20000,Yes,Yes,Headache,Laptop,3-5 hours,4,Slightly effective,Slightly helpful,3,Moderately helpful,Somewhat helpful,After each class,"No, there are quite a few challenges",Agree,Neither agree nor disagree,Agree,Agree,Agree,Agree,Disagree,Strongly disagree,Strongly disagree,Strongly disagree,Agree,Agree,Agree,Agree
10/22/20 14:23,Female,,21,Urban,1,500,100,3,No,0,50000,Yes,Yes,"Headache, See dimly",Smartphone,3-5 hours,4,Slightly effective,Moderately helpful,2,Moderately helpful,Very helpful,After each class,"No, there are quite a few challenges",Agree,Neither agree nor disagree,Strongly agree,Strongly agree,Strongly agree,Agree,Disagree,Disagree,Disagree,Disagree,Neither agree nor disagree,Strongly agree,Neither agree nor disagree,Disagree
10/22/20 14:25,Female,,19,Urban,1,1500,20,6,Yes,1,50000,Yes,Yes,"Headache, See dimly, Hearing impairment",Smartphone,5-7 hours,6,Not at all effective,Not at all helpful,1,Moderately helpful,Somewhat helpful,After each class,"No, not at all",Agree,Strongly agree,Strongly agree,Strongly agree,Strongly agree,Neither agree nor disagree,Agree,Agree,Agree,Agree,Strongly agree,Strongly agree,Strongly disagree,Strongly agree
10/22/20 14:26,Female,,22,Urban,1,500,100,2,No,0,50000,Yes,Yes,"Headache, I have severe migraine problem & recently its causing harm to my eyes too.",Smartphone,1-3 hours,2,Slightly effective,Slightly helpful,2,Moderately helpful,Somewhat helpful,After each class,"No, there are quite a few challenges",Neither agree nor disagree,Agree,Agree,Neither agree nor disagree,Agree,Neither agree nor disagree,Disagree,Strongly disagree,Strongly disagree,Strongly disagree,Disagree,Disagree,Neither agree nor disagree,Neither agree nor disagree
10/22/20 14:26,Female,,22,Urban,1,500,100,2,No,0,50000,Yes,Yes,"Headache, I have severe migraine problem & recently its causing harm to my eyes too.",Smartphone,1-3 hours,2,Slightly effective,Slightly helpful,2,Moderately helpful,Somewhat helpful,After each class,"No, there are quite a few challenges",Neither agree nor disagree,Agree,Agree,Neither agree nor disagree,Agree,Neither agree nor disagree,Disagree,Strongly disagree,Strongly disagree,Strongly disagree,Disagree,Disagree,Neither agree nor disagree,Neither agree nor disagree
10/22/20 14:28,Female,,20,Rural,0,500,20,4,Yes,1,0,Yes,Yes,"Headache, See dimly",Smartphone,3-5 hours,4,Not at all effective,Slightly helpful,2,Moderately helpful,Somewhat helpful,After each class,"No, there are quite a few challenges",Disagree,Disagree,Agree,Disagree,Neither agree nor disagree,Disagree,Disagree,Disagree,Disagree,Strongly disagree,Agree,Agree,Strongly disagree,Agree
10/22/20 14:28,Male,,25,Rural,0,600,200,1,Yes,1,20000,No,No,,Smartphone,3-5 hours,4,Slightly effective,Moderately helpful,3,Moderately helpful,Somewhat helpful,No need video recording,"No, there are quite a few challenges",Agree,Neither agree nor disagree,Agree,Neither agree nor disagree,Agree,Neither agree nor disagree,Neither agree nor disagree,Agree,Neither agree nor disagree,Agree,Agree,Neither agree nor disagree,Agree,Neither agree nor disagree
10/22/20 14:33,Female,,22,Rural,0,1200,200,3,No,0,50000,Yes,Yes,"Headache, See dimly",Smartphone,3-5 hours,4,Slightly effective,Slightly helpful,2,Slightly helpful,Very helpful,After each class,"No, there are quite a few challenges",Disagree,Neither agree nor disagree,Agree,Neither agree nor disagree,Neither agree nor disagree,Neither agree nor disagree,Strongly disagree,Strongly disagree,Strongly disagree,Strongly agree,Strongly agree,Strongly agree,Strongly disagree,Strongly agree
10/22/20 14:33,Female,,20,Urban,1,1200,50,4.5,No,0,90000,Yes,Yes,Headache,Laptop,3-5 hours,4,Slightly effective,Very helpful,3,Moderately helpful,Very helpful,After each class,"Yes, but I would like to change a few things",Strongly disagree,Agree,Agree,Disagree,Agree,Neither agree nor disagree,Disagree,Strongly disagree,Strongly disagree,Strongly disagree,Neither agree nor disagree,Neither agree nor disagree,Neither agree nor disagree,Neither agree nor disagree
10/22/20 14:33,Female,,21,Urban,1,500,100,1,No,0,30000,Yes,Yes,Headache,Laptop,1-3 hours,2,Not at all effective,Very helpful,2,Very helpful,Very helpful,After each class,"No, there are quite a few challenges",Agree,Strongly agree,Strongly agree,Agree,Agree,Agree,Strongly disagree,Strongly disagree,Strongly disagree,Disagree,Agree,Agree,Disagree,Agree
10/22/20 14:34,Male,,22,Urban,1,1300,100,2,No,0,90000,Yes,Yes,"Headache, Hearing impairment",Laptop,1-3 hours,2,Moderately effective,Moderately helpful,4,Very helpful,Very helpful,After each class,"No, there are quite a few challenges",Agree,Neither agree nor disagree,Agree,Agree,Agree,Agree,Disagree,Disagree,Agree,Disagree,Agree,Agree,Agree,Agree
10/22/20 14:34,Male,,22,Semi-urban,2,500,200,3,No,0,50000,Yes,No,,Smartphone,3-5 hours,4,Slightly effective,Moderately helpful,3,Moderately helpful,Somewhat helpful,After completing all classes,"Yes, but I would like to change a few things",Neither agree nor disagree,Agree,Agree,Neither agree nor disagree,Agree,Agree,Disagree,Disagree,Disagree,Disagree,Disagree,Agree,Disagree,Agree
10/22/20 14:34,Male,,20,Urban,1,2000,200,0.45,Yes,1,50000,Yes,Yes,"Headache, See dimly, Hearing impairment",Smartphone,1-3 hours,2,Moderately effective,Moderately helpful,2,Moderately helpful,Somewhat helpful,After each class,"Yes, but I would like to change a few things",Disagree,Neither agree nor disagree,Strongly agree,Neither agree nor disagree,Strongly agree,Agree,Strongly disagree,Disagree,Disagree,Agree,Disagree,Neither agree nor disagree,Neither agree nor disagree,Neither agree nor disagree
10/22/20 14:35,Female,,21,Rural,0,500,50,5,Yes,1,30000,Yes,Yes,"Headache, See dimly, Eyes problem ",Smartphone,1-3 hours,2,Not at all effective,Slightly helpful,2,Moderately helpful,Very helpful,After each class,"No, there are quite a few challenges",Disagree,Disagree,Strongly agree,Strongly disagree,Agree,Agree,Strongly disagree,Strongly disagree,Disagree,Strongly disagree,Agree,Agree,Neither agree nor disagree,Agree
10/22/20 14:35,Female,,22,Urban,1,500,100,2,Yes,1,30000,Yes,Yes,"Headache, Hearing impairment",Desktop,1-3 hours,2,Slightly effective,Not at all helpful,1,Very helpful,Somewhat helpful,After each class,"No, there are quite a few challenges",Neither agree nor disagree,Neither agree nor disagree,Agree,Agree,Agree,Agree,Neither agree nor disagree,Strongly agree,Strongly disagree,Strongly disagree,Disagree,Disagree,Disagree,Disagree
10/22/20 14:35,Female,,22,Urban,1,500,200,4,No,0,90000,Yes,Yes,"Headache, See dimly, Hearing impairment",Smartphone,3-5 hours,4,Slightly effective,Slightly helpful,3,Moderately helpful,Very helpful,After each class,"Yes, but I would like to change a few things",Agree,Agree,Strongly agree,Agree,Agree,Agree,Disagree,Disagree,Disagree,Disagree,Agree,Agree,Agree,Agree
10/22/20 14:36,Female,,22,Urban,1,700,500,3,No,0,1000000,Yes,Yes,Headache,Smartphone,3-5 hours,4,Slightly effective,Very helpful,3,Moderately helpful,Somewhat helpful,After each class,"Yes, but I would like to change a few things",Strongly disagree,Agree,Agree,Neither agree nor disagree,Agree,Agree,Disagree,Strongly disagree,Strongly disagree,Disagree,Strongly disagree,Agree,Strongly agree,Strongly agree
10/22/20 14:36,Male,,20,Semi-urban,2,1200,50,2,No,0,30000,Yes,Yes,See dimly,Laptop,3-5 hours,4,Slightly effective,Slightly helpful,3,Moderately helpful,Somewhat helpful,After completing all classes,"Yes, but I would like to change a few things",Agree,Agree,Neither agree nor disagree,Neither agree nor disagree,Agree,Agree,Disagree,Neither agree nor disagree,Neither agree nor disagree,Agree,Disagree,Agree,Neither agree nor disagree,Neither agree nor disagree
10/22/20 14:37,Female,,22,Rural,0,600,100,1.5,No,0,60000,Yes,Yes,"Headache, See dimly, Hearing impairment",Smartphone,3-5 hours,4,Not at all effective,Not at all helpful,2,Moderately helpful,Somewhat helpful,After each class,"No, not at all",Strongly agree,Neither agree nor disagree,Agree,Neither agree nor disagree,Agree,Neither agree nor disagree,Neither agree nor disagree,Strongly disagree,Strongly disagree,Strongly disagree,Disagree,Disagree,Disagree,Disagree
10/22/20 14:37,Female,,21,Rural,0,500,200,2,Yes,1,50000,Yes,Yes,"Headache, See dimly, Hearing impairment, Mentally disturbed   ",Smartphone,3-5 hours,4,Not at all effective,Moderately helpful,2,Moderately helpful,Somewhat helpful,After each class,"No, there are quite a few challenges",Agree,Agree,Agree,Neither agree nor disagree,Neither agree nor disagree,Neither agree nor disagree,Disagree,Strongly disagree,Strongly disagree,Strongly disagree,Disagree,Disagree,Disagree,Neither agree nor disagree
10/22/20 14:37,Female,,22,Urban,1,500,200,6,Yes,1,25000,Yes,Yes,"Headache, See dimly",Smartphone,3-5 hours,4,Moderately effective,Moderately helpful,3,Moderately helpful,Very helpful,After each class,"No, there are quite a few challenges",Agree,Agree,Agree,Neither agree nor disagree,Agree,Agree,Disagree,Strongly disagree,Strongly disagree,Strongly disagree,Agree,Agree,Strongly disagree,Agree
10/22/20 14:37,Female,,21,Urban,1,0,50,1,No,0,40000,Yes,Yes,"Headache, Hearing impairment",Laptop,1-3 hours,2,Slightly effective,Moderately helpful,3,Very helpful,Very helpful,After each class,"No, there are quite a few challenges",Neither agree nor disagree,Agree,Agree,Disagree,Agree,Neither agree nor disagree,Disagree,Disagree,Disagree,Disagree,Agree,Agree,Neither agree nor disagree,Neither agree nor disagree
10/22/20 14:40,Female,,22,Rural,0,500,600,1.5,Yes,1,28000,Yes,Yes,See dimly,Smartphone,3-5 hours,4,Not at all effective,Moderately helpful,2,Moderately helpful,Somewhat helpful,After each class,"No, not at all",Neither agree nor disagree,Neither agree nor disagree,Agree,Neither agree nor disagree,Neither agree nor disagree,Agree,Disagree,Disagree,Disagree,Strongly disagree,Neither agree nor disagree,Disagree,Neither agree nor disagree,Neither agree nor disagree
10/22/20 14:41,Female,,21,Urban,1,1200,200,2,No,0,60000,Yes,Yes,"Headache, See dimly",Smartphone,1-3 hours,2,Slightly effective,Slightly helpful,3,Moderately helpful,Very helpful,After each class,"No, there are quite a few challenges",Neither agree nor disagree,Neither agree nor disagree,Agree,Neither agree nor disagree,Agree,Agree,Strongly agree,Strongly agree,Strongly agree,Agree,Agree,Agree,Neither agree nor disagree,Agree
10/22/20 14:43,Female,,20,Urban,1,800,200,2.5,Yes,1,50000,Yes,Yes,"Headache, See dimly, Back pain, neck pain",Smartphone,3-5 hours,4,Not at all effective,Moderately helpful,2,Moderately helpful,Very helpful,After each class,"No, there are quite a few challenges",Agree,Agree,Agree,Disagree,Agree,Agree,Strongly disagree,Strongly disagree,Strongly disagree,Strongly disagree,Disagree,Agree,Strongly disagree,Strongly disagree
10/22/20 14:44,Female,,20,Rural,0,800,1000,2,No,0,30000,Yes,Yes,"Headache, See dimly, back pain ",Smartphone,3-5 hours,4,Slightly effective,Slightly helpful,1,Moderately helpful,Somewhat helpful,After completing all classes,"No, there are quite a few challenges",Neither agree nor disagree,Agree,Agree,Neither agree nor disagree,Agree,Neither agree nor disagree,Disagree,Strongly agree,Strongly disagree,Strongly disagree,Neither agree nor disagree,Agree,Disagree,Disagree
10/22/20 14:45,Female,,19,Urban,1,100,60,1.5,No,0,200000,Yes,No,,Smartphone,3-5 hours,4,Slightly effective,Moderately helpful,3,Moderately helpful,Somewhat helpful,After each class,"Yes, but I would like to change a few things",Strongly agree,Strongly agree,Strongly agree,Agree,Strongly agree,Agree,Disagree,Neither agree nor disagree,Neither agree nor disagree,Agree,Agree,Agree,Neither agree nor disagree,Neither agree nor disagree
10/22/20 14:45,Female,,21,Urban,1,500,100,4,No,0,50000,Yes,Yes,"Headache, See dimly",Smartphone,1-3 hours,2,Slightly effective,Slightly helpful,3,Moderately helpful,Somewhat helpful,After each class,"Yes, but I would like to change a few things",Neither agree nor disagree,Neither agree nor disagree,Neither agree nor disagree,Neither agree nor disagree,Neither agree nor disagree,Agree,Strongly disagree,Neither agree nor disagree,Neither agree nor disagree,Agree,Neither agree nor disagree,Neither agree nor disagree,Neither agree nor disagree,Neither agree nor disagree
10/22/20 14:47,Female,,21,Urban,1,450,200,3,Yes,1,39000,Yes,Yes,"Headache, See dimly, Hearing impairment",Smartphone,3-5 hours,4,Slightly effective,Moderately helpful,2,Very helpful,Somewhat helpful,After each class,"No, there are quite a few challenges",Neither agree nor disagree,Agree,Agree,Neither agree nor disagree,Neither agree nor disagree,Neither agree nor disagree,Strongly disagree,Strongly disagree,Strongly disagree,Strongly disagree,Strongly disagree,Strongly disagree,Strongly agree,Strongly agree
10/22/20 14:49,Female,,20,Urban,1,1000,200,2,No,0,70000,Yes,Yes,"Headache, See dimly",Smartphone,3-5 hours,4,Slightly effective,Moderately helpful,3,Very helpful,Somewhat helpful,After completing all classes,"Yes, but I would like to change a few things",Agree,Neither agree nor disagree,Neither agree nor disagree,Agree,Neither agree nor disagree,Neither agree nor disagree,Strongly disagree,Disagree,Disagree,Agree,Agree,Agree,Agree,Agree
10/22/20 14:49,Male,,29,Urban,1,1500,2000,3,No,0,250000,Yes,Yes,Headache,Laptop,3-5 hours,4,Moderately effective,Not at all helpful,3,Slightly helpful,Somewhat helpful,After each class,"Yes, but I would like to change a few things",Strongly agree,Agree,Neither agree nor disagree,Neither agree nor disagree,Agree,Neither agree nor disagree,Agree,Neither agree nor disagree,Agree,Neither agree nor disagree,Neither agree nor disagree,Neither agree nor disagree,Neither agree nor disagree,Neither agree nor disagree
10/22/20 14:49,Female,,20,Rural,0,3000,200,11,Yes,1,30000,Yes,Yes,Headache,Smartphone,5-7 hours,6,Not at all effective,Not at all helpful,1,Slightly helpful,Somewhat helpful,After each class,"No, there are quite a few challenges",Disagree,Agree,Strongly disagree,Strongly disagree,Agree,Neither agree nor disagree,Agree,Strongly agree,Strongly disagree,Neither agree nor disagree,Agree,Agree,Disagree,Disagree
10/22/20 14:51,Male,,21,Urban,1,1500,500,4,No,0,60000,Yes,Yes,"Headache, See dimly, Hearing impairment",Laptop,1-3 hours,2,Not at all effective,Slightly helpful,2,Very helpful,Very helpful,After each class,"No, not at all",Disagree,Agree,Strongly agree,Agree,Strongly agree,Strongly disagree,Strongly disagree,Strongly disagree,Strongly disagree,Strongly disagree,Agree,Agree,Agree,Agree
10/22/20 15:01,Female,,22,Rural,0,1000,100,2,No,0,70000,Yes,Yes,"Headache, See dimly, Hearing impairment",Smartphone,3-5 hours,4,Slightly effective,Moderately helpful,3,Moderately helpful,Somewhat helpful,After each class,"Yes, but I would like to change a few things",Neither agree nor disagree,Neither agree nor disagree,Agree,Neither agree nor disagree,Neither agree nor disagree,Neither agree nor disagree,Neither agree nor disagree,Strongly disagree,Strongly disagree,Strongly disagree,Neither agree nor disagree,Neither agree nor disagree,Neither agree nor disagree,Neither agree nor disagree
10/22/20 15:18,Female,,20,Urban,1,2000,1000,5,No,0,900000,Yes,Yes,"Headache, See dimly, Hearing impairment, Severe eyesight problem,increasing of existing migraine problems, backpains etc ",Smartphone,3-5 hours,4,Not at all effective,Not at all helpful,3,Moderately helpful,Somewhat helpful,After each class,"No, not at all",Strongly agree,Agree,Neither agree nor disagree,Disagree,Strongly disagree,Agree,Neither agree nor disagree,Strongly disagree,Strongly disagree,Strongly disagree,Agree,Agree,Strongly disagree,Agree
10/22/20 15:23,Female,,21,Semi-urban,2,500,300,3,No,0,45,Yes,Yes,"Headache, Hearing impairment",Smartphone,1-3 hours,2,Slightly effective,Slightly helpful,2,Not at all helpful,Somewhat helpful,After completing all classes,"No, not at all",Strongly agree,Strongly agree,Strongly agree,Strongly agree,Agree,Strongly agree,Agree,Strongly agree,Strongly agree,Agree,Strongly agree,Strongly agree,Strongly agree,Strongly agree
10/22/20 15:23,Male,,22,Urban,1,1300,100,2,No,0,90000,Yes,Yes,"Headache, Hearing impairment",Laptop,1-3 hours,2,Moderately effective,Moderately helpful,4,Very helpful,Very helpful,After each class,"No, there are quite a few challenges",Agree,Neither agree nor disagree,Agree,Agree,Agree,Agree,Disagree,Disagree,Agree,Disagree,Agree,Agree,Agree,Agree
10/22/20 15:25,Female,,22,Urban,1,500,200,6,Yes,1,25000,Yes,Yes,"Headache, See dimly",Smartphone,3-5 hours,4,Moderately effective,Moderately helpful,3,Moderately helpful,Very helpful,After each class,"No, there are quite a few challenges",Agree,Agree,Agree,Neither agree nor disagree,Agree,Agree,Disagree,Strongly disagree,Strongly disagree,Strongly disagree,Agree,Agree,Strongly disagree,Agree
10/22/20 15:37,Female,,22,Semi-urban,2,2500,1000,6,Yes,1,40000,Yes,Yes,"Headache, See dimly",Smartphone,3-5 hours,4,Not at all effective,Moderately helpful,2,Moderately helpful,Somewhat helpful,After each class,"No, there are quite a few challenges",Disagree,Disagree,Agree,Neither agree nor disagree,Agree,Neither agree nor disagree,Disagree,Strongly disagree,Strongly disagree,Strongly disagree,Disagree,Neither agree nor disagree,Strongly disagree,Agree
10/22/20 15:42,Female,,21,Urban,1,0,100,4,No,0,90000,Yes,Yes,Headache,Smartphone,1-3 hours,2,Slightly effective,Slightly helpful,3,Very helpful,Somewhat helpful,After each class,"No, not at all",Disagree,Agree,Strongly agree,Agree,Strongly agree,Agree,Strongly disagree,Strongly disagree,Strongly disagree,Strongly disagree,Agree,Neither agree nor disagree,Strongly disagree,Agree
10/22/20 15:53,Male,,23,Urban,1,500,50,2,No,0,50000,Yes,Yes,"Headache, See dimly, Hearing impairment",Tablet,10+ hour,11,Moderately effective,Moderately helpful,3,Slightly helpful,Not at all helpful,After completing all classes,"No, not at all",Neither agree nor disagree,Neither agree nor disagree,Neither agree nor disagree,Neither agree nor disagree,Neither agree nor disagree,Neither agree nor disagree,Neither agree nor disagree,Neither agree nor disagree,Neither agree nor disagree,Neither agree nor disagree,Neither agree nor disagree,Neither agree nor disagree,Neither agree nor disagree,Neither agree nor disagree
10/22/20 15:54,Female,,21,Urban,1,50,100,6,No,0,0,Yes,No,,Laptop,1-3 hours,2,Slightly effective,Moderately helpful,5,Very helpful,Somewhat helpful,After each class,"No, there are quite a few challenges",Agree,Agree,Strongly agree,Neither agree nor disagree,Agree,Agree,Disagree,Strongly disagree,Strongly disagree,Strongly disagree,Agree,Agree,Strongly disagree,Agree
10/22/20 16:01,Male,,20,Urban,1,150,50,2,No,0,80000,Yes,Yes,"Headache, See dimly",Laptop,1-3 hours,2,Moderately effective,Very helpful,3,Moderately helpful,Very helpful,After each class,"Yes, absolutely",Neither agree nor disagree,Neither agree nor disagree,Neither agree nor disagree,Neither agree nor disagree,Neither agree nor disagree,Neither agree nor disagree,Neither agree nor disagree,Neither agree nor disagree,Disagree,Disagree,Neither agree nor disagree,Neither agree nor disagree,Neither agree nor disagree,Neither agree nor disagree
10/22/20 16:02,Male,,25,Rural,0,400,150,3,Yes,1,20000,Yes,Yes,,Smartphone,1-3 hours,2,Slightly effective,Very helpful,2,Very helpful,Very helpful,After each class,"No, there are quite a few challenges",Strongly agree,Neither agree nor disagree,Strongly agree,Neither agree nor disagree,Strongly agree,Strongly agree,Neither agree nor disagree,Neither agree nor disagree,Neither agree nor disagree,Neither agree nor disagree,Agree,Agree,Agree,Agree
10/22/20 16:06,Female,,20,Urban,1,1500,200,1,Yes,1,200000,Yes,Yes,Headache,Smartphone,3-5 hours,4,Moderately effective,Moderately helpful,3,Moderately helpful,Very helpful,After each class,"No, there are quite a few challenges",Agree,Agree,Agree,Agree,Neither agree nor disagree,Agree,Disagree,Strongly disagree,Strongly disagree,Agree,Disagree,Agree,Agree,Agree
10/22/20 16:06,Female,,20,Urban,1,1000,100,0.59,Yes,1,50000,Yes,Yes,"Headache, See dimly",Smartphone,1-3 hours,2,Not at all effective,Slightly helpful,2,Slightly helpful,Very helpful,After each class,"No, there are quite a few challenges",Agree,Agree,Strongly agree,Disagree,Agree,Strongly agree,Agree,Strongly disagree,Strongly disagree,Strongly disagree,Disagree,Agree,Strongly disagree,Neither agree nor disagree
10/22/20 16:08,Female,,20,Urban,1,0,15,12,No,0,150000,Yes,Yes,Backache,Laptop,5-7 hours,6,Moderately effective,Very helpful,4,Very helpful,Somewhat helpful,,"Yes, but I would like to change a few things",Neither agree nor disagree,Neither agree nor disagree,Strongly agree,Agree,Strongly agree,Strongly agree,Disagree,Agree,Disagree,Neither agree nor disagree,Agree,Agree,Agree,Agree
