Your Gender Name,Your Age (in Years),Avg_time_on_screen_daily,device_used_for_online_class,what_pysical_problem1,what_pysical_problem2,what_pysical_problem3,what_pysical_problem4
Male,24,12,Laptop,Headache, Hearing impairment,,
Female,20,11,Smartphone,Headache, See dimly, Hearing impairment,
Male,21,10,Smartphone,Headache,,,
Female,20,8,Laptop,Headache,,,
Female,21,7,Smartphone,Headache, See dimly,,
Female,19,12,Smartphone,Headache, See dimly, Hearing impairment,
Female,22,4,Smartphone,Headache, See dimly,,
Female,22,4,Smartphone,Headache, See dimly,,
Female,20,8,Smartphone,Headache, See dimly,,
Male,25,5,Smartphone,,,,
Female,22,7,Smartphone,Headache, See dimly,,
Female,20,8.5,Laptop,Headache,,,
Female,21,3,Laptop,Headache,,,
Male,22,4,Laptop,Headache, Hearing impairment,,
Male,22,7,Smartphone,,,,
Male,20,2.45,Smartphone,Headache, See dimly, Hearing impairment,
Female,21,7,Smartphone,Headache, See dimly, Eyes problem ,
Female,22,4,Desktop,Headache, Hearing impairment,,
Female,22,8,Smartphone,Headache, See dimly, Hearing impairment,
Female,22,7,Smartphone,Headache,,,
Male,20,6,Laptop,See dimly,,,
Female,22,5.5,Smartphone,Headache, See dimly, Hearing impairment,
Female,21,6,Smartphone,Headache, See dimly, Hearing impairment, Mentally disturbed   
Female,22,10,Smartphone,Headache, See dimly,,
Female,21,3,Laptop,Headache, Hearing impairment,,
Female,22,5.5,Smartphone,See dimly,,,
Female,21,4,Smartphone,Headache, See dimly,,
Female,20,6.5,Smartphone,Headache, See dimly, Back pain, Neck pain
Female,20,6,Smartphone,Headache, See dimly, Back pain ,
Female,19,5.5,Smartphone,,,,
Female,21,6,Smartphone,Headache, See dimly,,
Female,21,7,Smartphone,Headache, See dimly, Hearing impairment,
Female,20,6,Smartphone,Headache, See dimly,,
Male,29,7,Laptop,Headache,,,
Female,20,17,Smartphone,Headache,,,
Male,21,6,Laptop,Headache, See dimly, Hearing impairment,
Female,22,6,Smartphone,Headache, See dimly, Hearing impairment,
Female,20,9,Smartphone,Headache, See dimly, Hearing impairment, Backpains 
Female,21,5,Smartphone,Headache, Hearing impairment,,
Male,22,4,Laptop,Headache, Hearing impairment,,
Female,22,10,Smartphone,Headache, See dimly,,
Female,22,10,Smartphone,Headache, See dimly,,
Female,21,6,Smartphone,Headache,,,
Male,23,12,Tablet,Headache, See dimly, Hearing impairment,
Female,21,8,Laptop,,,,
Male,20,4,Laptop,Headache, See dimly,,
Male,25,5,Smartphone,,,,
Female,20,5,Smartphone,Headache,,,
Female,20,2.59,Smartphone,Headache, See dimly,,
Female,20,18,Laptop,Backpains ,,,
